"StateFIPS","State","CountyFIPS","County","Year","Value","Data Comment",,"Distance to Parks"
"36","New York","36001","Albany","2020","67.4%","",,"Distance to Parks: 1/2 Mile"
"36","New York","36003","Allegany","2020","8.0%","",,"Distance to Parks: 1/2 Mile"
"36","New York","36005","Bronx","2020","99.6%","",,"Distance to Parks: 1/2 Mile"
"36","New York","36007","Broome","2020","63.9%","",,"Distance to Parks: 1/2 Mile"
"36","New York","36009","Cattaraugus","2020","31.6%","",,"Distance to Parks: 1/2 Mile"
"36","New York","36011","Cayuga","2020","43.4%","",,"Distance to Parks: 1/2 Mile"
"36","New York","36013","Chautauqua","2020","45.2%","",,"Distance to Parks: 1/2 Mile"
"36","New York","36015","Chemung","2020","65.2%","",,"Distance to Parks: 1/2 Mile"
"36","New York","36017","Chenango","2020","18.2%","",,"Distance to Parks: 1/2 Mile"
"36","New York","36019","Clinton","2020","52.4%","",,"Distance to Parks: 1/2 Mile"
"36","New York","36021","Columbia","2020","28.1%","",,"Distance to Parks: 1/2 Mile"
"36","New York","36023","Cortland","2020","51.6%","",,"Distance to Parks: 1/2 Mile"
"36","New York","36025","Delaware","2020","23.9%","",,"Distance to Parks: 1/2 Mile"
"36","New York","36027","Dutchess","2020","61.4%","",,"Distance to Parks: 1/2 Mile"
"36","New York","36029","Erie","2020","76.9%","",,"Distance to Parks: 1/2 Mile"
"36","New York","36031","Essex","2020","96.5%","",,"Distance to Parks: 1/2 Mile"
"36","New York","36033","Franklin","2020","42.4%","",,"Distance to Parks: 1/2 Mile"
"36","New York","36035","Fulton","2020","65.9%","",,"Distance to Parks: 1/2 Mile"
"36","New York","36037","Genesee","2020","38.4%","",,"Distance to Parks: 1/2 Mile"
"36","New York","36039","Greene","2020","32.0%","",,"Distance to Parks: 1/2 Mile"
"36","New York","36041","Hamilton","2020","100.0%","",,"Distance to Parks: 1/2 Mile"
"36","New York","36043","Herkimer","2020","55.0%","",,"Distance to Parks: 1/2 Mile"
"36","New York","36045","Jefferson","2020","30.6%","",,"Distance to Parks: 1/2 Mile"
"36","New York","36047","Kings","2020","100.0%","",,"Distance to Parks: 1/2 Mile"
"36","New York","36049","Lewis","2020","12.7%","",,"Distance to Parks: 1/2 Mile"
"36","New York","36051","Livingston","2020","39.3%","",,"Distance to Parks: 1/2 Mile"
"36","New York","36053","Madison","2020","37.6%","",,"Distance to Parks: 1/2 Mile"
"36","New York","36055","Monroe","2020","75.6%","",,"Distance to Parks: 1/2 Mile"
"36","New York","36057","Montgomery","2020","43.5%","",,"Distance to Parks: 1/2 Mile"
"36","New York","36059","Nassau","2020","87.5%","",,"Distance to Parks: 1/2 Mile"
"36","New York","36061","New York","2020","100.0%","",,"Distance to Parks: 1/2 Mile"
"36","New York","36063","Niagara","2020","61.8%","",,"Distance to Parks: 1/2 Mile"
"36","New York","36065","Oneida","2020","57.3%","",,"Distance to Parks: 1/2 Mile"
"36","New York","36067","Onondaga","2020","59.1%","",,"Distance to Parks: 1/2 Mile"
"36","New York","36069","Ontario","2020","44.8%","",,"Distance to Parks: 1/2 Mile"
"36","New York","36071","Orange","2020","68.4%","",,"Distance to Parks: 1/2 Mile"
"36","New York","36073","Orleans","2020","38.2%","",,"Distance to Parks: 1/2 Mile"
"36","New York","36075","Oswego","2020","40.3%","",,"Distance to Parks: 1/2 Mile"
"36","New York","36077","Otsego","2020","26.3%","",,"Distance to Parks: 1/2 Mile"
"36","New York","36079","Putnam","2020","77.2%","",,"Distance to Parks: 1/2 Mile"
"36","New York","36081","Queens","2020","99.9%","",,"Distance to Parks: 1/2 Mile"
"36","New York","36083","Rensselaer","2020","53.5%","",,"Distance to Parks: 1/2 Mile"
"36","New York","36085","Richmond","2020","99.8%","",,"Distance to Parks: 1/2 Mile"
"36","New York","36087","Rockland","2020","83.7%","",,"Distance to Parks: 1/2 Mile"
"36","New York","36091","Saratoga","2020","62.2%","",,"Distance to Parks: 1/2 Mile"
"36","New York","36093","Schenectady","2020","80.7%","",,"Distance to Parks: 1/2 Mile"
"36","New York","36095","Schoharie","2020","13.0%","",,"Distance to Parks: 1/2 Mile"
"36","New York","36097","Schuyler","2020","19.0%","",,"Distance to Parks: 1/2 Mile"
"36","New York","36099","Seneca","2020","32.2%","",,"Distance to Parks: 1/2 Mile"
"36","New York","36089","St. Lawrence","2020","20.9%","",,"Distance to Parks: 1/2 Mile"
"36","New York","36101","Steuben","2020","28.6%","",,"Distance to Parks: 1/2 Mile"
"36","New York","36103","Suffolk","2020","86.1%","",,"Distance to Parks: 1/2 Mile"
"36","New York","36105","Sullivan","2020","26.1%","",,"Distance to Parks: 1/2 Mile"
"36","New York","36107","Tioga","2020","25.8%","",,"Distance to Parks: 1/2 Mile"
"36","New York","36109","Tompkins","2020","54.3%","",,"Distance to Parks: 1/2 Mile"
"36","New York","36111","Ulster","2020","52.3%","",,"Distance to Parks: 1/2 Mile"
"36","New York","36113","Warren","2020","88.7%","",,"Distance to Parks: 1/2 Mile"
"36","New York","36115","Washington","2020","27.4%","",,"Distance to Parks: 1/2 Mile"
"36","New York","36117","Wayne","2020","28.7%","",,"Distance to Parks: 1/2 Mile"
"36","New York","36119","Westchester","2020","93.0%","",,"Distance to Parks: 1/2 Mile"
"36","New York","36121","Wyoming","2020","13.7%","",,"Distance to Parks: 1/2 Mile"
"36","New York","36123","Yates","2020","8.9%","",,"Distance to Parks: 1/2 Mile"
